region,sev_multiplier
NW,1.0084917869586856
BY,0.988521652563464
BW,1.0184768541562963
NI,0.988521652563464
HE,1.0184768541562963
RP,0.988521652563464
SN,0.9785365853658533
SH,0.988521652563464
BE,1.0484320557491287
BB,0.9785365853658533
ST,0.9785365853658533
TH,0.9785365853658533
HH,1.028461921353907
MV,0.9785365853658533
SL,0.9785365853658533
