region,freq_multiplier
NW,1.0082834050424225
BY,0.9780349028911498
BW,1.028449073143271
NI,0.9780349028911498
HE,1.0183662390928467
RP,0.9982005709919982
SN,0.988117736941574
SH,0.988117736941574
BE,1.0889460774458164
BB,0.9679520688407255
ST,0.9679520688407255
TH,0.9780349028911498
HH,1.0586975752945436
MV,0.9679520688407255
SL,0.9578692347903013
