vehicle_type,freq_multiplier
hatchback,0.9585289514866979
sedan,0.9780907668231612
SUV,1.0269953051643192
van,0.9487480438184663
sports,1.2226134585289514
