vehicle_type,sev_multiplier
hatchback,0.9384674922600619
sedan,0.9674922600619195
SUV,1.0642414860681115
van,0.9287925696594426
sports,1.2577399380804952
